location,count
USA,88
New York,49
United States,43
London,39
Canada,25
UK,22
Nigeria,20
"Los Angeles, CA",19
Mumbai,19
Worldwide,19
Kenya,18
India,18
Everywhere,15
"Washington, DC",15
Australia,15
"California, USA",14
"New York, NY",13
San Francisco,13
Florida,12
Indonesia,12
Toronto,11
United Kingdom,11
NYC,11
California,11
Ireland,11
"Chicago, IL",11
"San Francisco, CA",10
"Washington, D.C.",10
Texas,10
Earth,10
"Dallas, TX",9
"Atlanta, GA",9
New York City,9
Los Angeles,8
"San Diego, CA",8
Manchester,8
ss,8
"Denver, Colorado",8
Seattle,8
304,8
"Sacramento, CA",8
Scotland,7
Chicago,7
"London, UK",7
"Houston, TX",7
"Nashville, TN",7
"Seattle, WA",6
Colorado,6
"Austin, TX",6
Global,6
US,6
??????,6
"Calgary, Alberta",6
Pedophile hunting ground,6
Sydney,6
"San Jose, CA",5
"New York, USA",5
in the Word of God,5
North Carolina,5
"Vancouver, BC",5
Tennessee,5
"London, England",5
 Road to the Billionaires Club,5
New Jersey,5
"Tampa, FL",5
"Portland, OR",5
"Leeds, England",5
World,5
"Pennsylvania, USA",5
"Brooklyn, NY",5
South Africa,5
"Orlando, FL",5
Philippines,5
Singapore,5
"Paterson, New Jersey ",5
Southern California,5
"Texas, USA",5
Atlanta,4
Brasil,4
"Manchester, England",4
"Boston, MA",4
Tokyo,4
"Calgary, AB",4
"Cleveland, OH",4
"Seattle, Washington",4
Happily Married with 2 kids ,4
Oregon,4
Melbourne,4
"Morioh, Japan",4
Planet Earth,4
"Sydney, New South Wales",4
NY,4
"Massachusetts, USA",4
Maryland,4
"Oklahoma City, OK",4
Wisconsin,4
WorldWide,4
"Denver, CO",4
"Memphis, TN",4
Coventry,4
worldwide,4
Paignton,4
"Haddonfield, NJ",4
"Lagos, Nigeria",4
"North Carolina, USA",4
"Port Harcourt, Nigeria",4
"Charlotte, NC",4
MAD as Hell,4
"Las Vegas, Nevada",4
Midwest,4
Switzerland,4
"Oakland, CA",4
"California, United States",4
"Asheville, NC",4
Newcastle,4
"Florida, USA",4
Michigan,4
Atlanta Georgia ,4
china,4
Lagos,4
"South, USA",3
Japan,3
???,3
"Baltimore, MD",3
East Coast,3
America,3
"Melbourne, Australia",3
Upstairs.,3
Leicester,3
#FLIGHTCITY UK  ,3
London UK,3
london,3
"Nottingham, England",3
Puerto Rico,3
Barbados,3
"Victoria, British Columbia",3
Kama | 18 | France ,3
"Oregon, USA",3
"Austin, Texas",3
Kansas City,3
Africa,3
"St. Louis, MO",3
World Wide,3
uk,3
Inexpressible Island ,3
The Netherlands,3
Karachi,3
"Sydney, Australia",3
Calgary,3
Naperville,3
"Arlington, TX",3
Nairobi-KENYA,3
Sweden,3
U.S.A,3
Massachusetts,3
"British Columbia, Canada",3
Gotham City,3
San Diego,3
?,3
Buy Give Me My Money ,3
Jakarta/Kuala Lumpur/S'pore,3
Five down from the Coffeeshop,3
Malaysia,3
Brazil,3
New Hampshire,3
"Columbus, OH",3
"Anchorage, AK",3
Taylor Swift,3
"Winston-Salem, NC",3
Las Vegas,3
"Ontario, Canada",3
Cape Town,3
"Raleigh, NC",3
America of Founding Fathers,3
"Victoria, BC",3
Nairobi,3
Narnia,3
"Philadelphia, PA",3
MA,3
??,3
Republic of Texas,3
"Kansas City, MO",3
"New Orleans, LA",3
Hong Kong,3
"Dublin, Ireland",3
NYC :) Ex- #Islamophobe,3
"Calgary, AB, Canada",3
"Birmingham, England",3
iTunes,3
"Phoenix, AZ",3
Edinburgh,3
"Haysville, KS",3
"Madison, WI",3
Pennsylvania,3
Virginia,3
"Buffalo, NY",3
?????,3
"Hawaii, USA",3
Pakistan,2
Riyadh,2
Thailand,2
they/them ,2
#HarleyChick#PJNT#RunBenRun,2
world,2
"Enfield, UK",2
In the potters hands,2
"Knoxville, TN",2
"los angeles, ca",2
"Redding, California, USA",2
NIGERIA,2
"Newcastle Upon Tyne, England",2
"Indianapolis, IN",2
Selma2Oakland,2
"Ewa Beach, HI",2
Trinidad & Tobago,2
"Adelaide, Australia",2
"Accra,Ghana",2
Colombia,2
"Chevy Chase, MD",2
Pretoria,2
The American Wasteland (MV),2
? ,2
Dubai,2
Washington DC,2
China,2
Detroit,2
Halifax,2
Somalia,2
Arizona ,2
REPUBLICA DOMINICANA,2
"Portland, Oregon",2
"El Dorado, Arkansas",2
Birmingham,2
"Los Angeles, California",2
"Chicago, Illinois",2
"Detroit, MI",2
"19.600858, -99.047821",2
In Hell,2
"Cumming, GA",2
"Auckland, New Zealand",2
canada,2
"New Orleans ,Louisiana",2
the insane asylum. ,2
Somewhere Only We Know ?,2
Instagram - @heyimginog ,2
Rio de Janeiro,2
South Stand,2
"Toronto, Ontario",2
"England, United Kingdom",2
Somewhere in the Canada,2
434,2
Baltimore,2
"Dubai, UAE",2
Desde Republica Argentina,2
PA,2
"Berlin, Germany",2
"Washington, DC & Charlotte, NC",2
"Palo Alto, California",2
SWMO,2
San Francisco Bay Area,2
rome,2
New Zealand,2
Kolkata,2
"Orlando, Fl",2
GLOBAL,2
"Michigan, USA",2
"Lyallpur, Pakistan",2
"Tulsa, Oklahoma",2
ph,2
"Epic City, BB.",2
A little house in the outback.,2
USA (Formerly @usNOAAgov),2
far away,2
"Silver Spring, MD",2
"Manhattan, NY",2
"Victoria, Australia, Earth",2
Your screen,2
Unknown,2
To The Right of You!,2
Blackpool,2
New Sweden,2
Italy,2
"Miami, FL",2
Istanbul,2
"Bend, Oregon",2
Heaven,2
"Toronto, Canada",2
"Erie, PA",2
San Diego California 92101,2
Global-NoLocation,2
"San Jose, California",2
Nigeria ,2
"Virginia, USA",2
hell,2
Charlotte NC,2
Washington State,2
somewhere USA ,2
Kent,2
"Gold Coast, Australia",2
"Leesburg, FL",2
Norway,2
"Stockholm, Sweden",2
"Glasgow, Scotland",2
Iraq|Afghanistan| RSA |Baghdad,2
Israel,2
"Na:tinixw / Hoopa, Berkeley",2
EastCarolina,2
"Georgia, USA",2
302,2
"Kingston, Jamaica",2
"Des Moines, IA",2
"Roanoke, VA",2
EIC,2
Nowhere. Everywhere.,2
"Minna, Nigeria",2
"New York, New York",2
"Fresno, CA",2
Glasgow,2
"Manila, Philippines",2
Jakarta,2
Auckland,2
NC,2
U.K.,2
"Portland, Ore. ",2
TX,2
Brisbane,2
Philadelphia,2
"Illinois, USA",2
Washington D.C.,2
"Bangalore, India",2
india,2
"New Delhi, India",2
Spare 'Oom,2
"Bakersfield, California",2
Pittsburgh,2
Portugal,2
Here.,2
Does it really matter!,2
Alaska,2
Jerusalem,2
Honduras,2
"Niagara Falls, Ontario",2
Germany,2
Rocky Mountains,2
"Moncton, New Brunswick",2
Paris,2
new york,2
"Milwaukee, WI",2
" Queensland, Australia",2
"Vancouver, British Columbia",2
Ontario Canada,2
Breaking News,2
Winnipeg,2
"Johannesburg, South Africa",2
California ,2
"Hackney, London",2
England,2
"Melbourne, Victoria",2
Berlin - Germany,2
"Buenos Aires, Argentina",2
"New Delhi, Delhi",2
Belgium,2
online ,2
"Olympia, WA",2
Oklahoma City,2
Vancouver BC,2
Memphis,2
"Santa Cruz, CA",2
"Manchester, UK",2
"Philadelphia, PA ",2
Derby,2
Bukittinggi  ?? Sumatera Barat,2
"Palo Alto, CA",2
???  Dreamz,2
"Ashburn, VA",2
Financial News and Views,2
"Eldoret, kenya",2
Jamaica,2
SF Bay Area,2
"Nairobi, Kenya",2
United States of America,2
"Decatur, GA",2
"St Charles, MD",2
????,2
Melbourne Australia,2
scandinavia,2
"Adelaide, South Australia",2
Indiana,2
Arizona,2
"21.462446,-158.022017",2
"Odawara, Japan",2
Boston,2
107-18 79TH STREET,2
"Rock Hill, SC",2
Karachi Pakistan,2
Columbus,2
New York ,2
DC,2
Washington,2
"Lisbon, Portugal",2
Sand springs oklahoma,2
"Mesa, AZ",2
Subconscious LA,2
Chile,2
Houston TX,2
kenya,1
Worldwide - Global,1
EGYPT,1
"Durand, MI",1
wherever the $$$ at,1
GCC,1
Playa,1
nyc,1
"Miami Beach, Fl",1
Ikorodu,1
"SÌ£o Paulo SP,  Brasil",1
"Youngstown, OH",1
Saint Lucia,1
"Funtua, Nigeria",1
"South Pasadena, CA",1
"  Melbourne, Australia",1
my deli,1
University of Chicago,1
"Fairfield, California",1
Valparaiso ,1
"Newton Centre, Massachusetts",1
"Halifax, Nouvelle-Ìäcosse",1
"Evansville, IN",1
Republica Dominicana,1
Hueco Mundo,1
San Jose,1
sindria,1
Multinational *****,1
All Around the World,1
Lincoln City Oregon,1
Uruguay / Westeros / Gallifrey,1
Dicky Beach,1
BKI-KUA,1
140920-21 & 150718-19 BEIJING,1
"Wildomar, CA",1
å¡å¡Midwest Û¢Û¢,1
"Nigeria, WORLDWIDE",1
"Toledo, OH",1
Jerusalem!,1
From a torn up town MANCHESTER,1
36 & 38,1
Across the Atlantic,1
"Atlanta, Georgia",1
boston,1
Vilnius,1
AZ,1
somewhere too cold for me,1
twitch.tv/naturalemblem26,1
"Everett, WA",1
"Winston Salem, North Carolina",1
"Geneva, Switzerland",1
West Africa,1
TÌÁchira - Venezuela,1
Mid West,1
Cosmic Oneness,1
"Durban, South Africa",1
Alabama,1
"Hamilton, ON",1
Land of Lincoln,1
The Circle of Life,1
"St. Joseph, Minnesota",1
"sitting on Eddie Vedders lap,",1
Reddit,1
Frascati,1
Patra-Greece.,1
Adelaide,1
Wrigley Field,1
Waddesdon,1
"Wilmington, NC",1
"anzio,italy",1
London ,1
Philippines ,1
"London, Kent & SE England.",1
tripoli international airport,1
"Loughborough, England",1
Dundee,1
"Karachi, Pakistan",1
Banbridge,1
Ankara - Malatya - ad Orontem,1
SE London(heart is by the sea),1
Anaheim,1
"County Durham, United Kingdom",1
Havenford,1
650/559,1
"Lima, Peru",1
"Guildford, UK",1
Charlotte,1
Made in America,1
Southern Maine,1
"Upper St Clair, PA",1
Selangor,1
3.28.15|7.20.15|7.25.15,1
????????????,1
"Eau Claire, Wisconsin",1
"US: 44.414510,8.942499",1
Storybrooke ,1
"Charlotte, NC | KÌ¦ln, NRW",1
"Not Los Angeles, Not New York.",1
Insula Barataria,1
Paris ,1
 Somewhere.,1
"Frisco, TX",1
 ? ??????? ? ( ?? å¡ ? ? ? å¡),1
ohio,1
ATL ? SEA ,1
home ,1
"Williamsburg, VA",1
"Walthamstow, London",1
Federal Capital Territory,1
Albuquerque New Mexico,1
"Glendale, CA",1
"Basketball City, USA ",1
"Gloucester, MA",1
Greenville,1
Atlanta g.a.,1
L/S/Z/L/T/H/C/H/R/A/S/C,1
Coasts of Maine & California,1
"Seattle native in Prescott, AZ",1
"Elizabeth, NJ",1
Long Island NY & San Francisco,1
In My Lab Creating ,1
"Nevada, USA",1
NAWF SIDE POKING OUT ,1
åø\_(?)_/åø,1
"Nashville, Tennessee",1
#NewcastleuponTyne #UK,1
"Yamaku Academy, Class 3-4",1
bangalore,1
"West Virginia, USA",1
"Fort Fizz, Ohio",1
"Haiku, Maui, Hawaii",1
"Tallahassee, FL",1
Soul Somalia/Body Montreal,1
Konoha,1
Lahar & Gwalior,1
"Bedford, England",1
Buscame EL tu Melte,1
ALWAYS DYING NEVER RESTING,1
"Cape Neddick, ME",1
In your head,1
Jammu and Kashmir,1
"Chandler, AZ",1
"Rutherfordton, NC",1
å_å_Los Mina Cityã¢,1
Le Memenet,1
"El Paso, Texas",1
in Dimitri's arms,1
"Tema,Accra",1
Realville,1
Hartford  London Hong Kong,1
"Edappally,Kochi",1
"Paducah, KY",1
Estados Unidos,1
IG : Sincerely_TSUNAMI,1
Denver Colorado. Fun Times,1
Shity land of Northern Ireland,1
"Harlem, NY or Chocolate City",1
L'Enfant Plaza Metro Station,1
"Santiago,RepÌ¼blica Dominicana",1
nc,1
CA,1
lrhcthband;four - bournemouth,1
AUS,1
"Sugarhouse, UT",1
MI - CA,1
"Hope Road, Jamaica ",1
"Oxford, MS",1
guaravitas,1
"Yellowknife, NT",1
Mackem in Bolton,1
Dimapur,1
"ÌÏT: 39.982988,-75.261624",1
"ÌÏT: 30.307558,-81.403118",1
"Honolulu, Hawaii",1
livin in a plastic world,1
Tarragona,1
"Gurgaon, Haryana. ",1
"Suginami-ku, Tokyo, Japan",1
  News,1
nigeria,1
eritrean,1
"Wandsworth, London",1
Polmont ,1
"Palermo, Sicily",1
"Ohio, USA",1
East London. ,1
"Somecity, Somerset, MD",1
Wolverhampton,1
"Cape Cod, Massachusetts USA",1
Buffalo NY,1
"Peterborough, On",1
Wakanda,1
Essex,1
"Noida, NCR, India",1
Twitterville,1
Top secret bunker ,1
"Pune, mostly ",1
WORLD,1
germany,1
"Mississauga, Ontario",1
"Alameda and Pleasanton, CA",1
"Hamilton, Ontario CA",1
"Clayton, NC",1
"Elk Grove, CA, USA",1
828/704(Soufside)/while looking goofy in NJ,1
"Santa Monica, CA",1
"Hammersmith, London",1
Royton,1
Brisbane Australia,1
Surabaya,1
im definitely taller than you.,1
Lagos Nigeria,1
#WhereverI'mAt,1
"Salt Lake City, UT",1
"Nebraska, Colorado & The GLOBE",1
"Augusta, GA",1
"21, Porto",1
The green and pleasant land.,1
"ÌÏT: 43.631838,-79.55807",1
Up a hill,1
[Gia.] | #KardashianEmpire,1
"Plano,TX",1
"University Heights, Ohio",1
St Joseph de Beauce,1
"Northampton, MA",1
watford,1
92,1
åÊ(?Û¢`?Û¢å«)??,1
#ODU,1
'SAN ANTONIOOOOO',1
Geneva. And beyond. ,1
????? ???? ????,1
"Oklahoma, USA",1
Arthas US,1
"Alameda, CA",1
Woosley,1
where I'm supposed to be,1
plymouth,1
Score More Goals Buying @,1
"Playa del Carmen, Mexico",1
NEW YORK,1
hey Georgia,1
U.S.A.   FEMA Region 5,1
"Bozeman, Montana",1
SWinfo@dot.state.al.us,1
www.facebook.com/stuntfm,1
"Methville, CA",1
Flipadelphia,1
"Groton, CT",1
T E X A S | wwat 8.24.14,1
"Brentwood, NY",1
? Philly Baby ?,1
"Lincoln, IL",1
Warsaw,1
"Marietta, GA",1
Midwestern USA,1
University of Toronto,1
hkXfYMhEx,1
"Tornado Alley, USA ",1
Freeport il ,1
Chester ,1
"Bronx, NY",1
94123,1
In the Shadows...,1
"Arnhem, the Netherlands",1
10 Steps Ahead.  Cloud 9,1
Florida Forever,1
"Lakewood, Tennessee",1
followurDREAMS(& my instagram),1
Aix-en-Provence/Utrecht,1
"Victoria, Tx.",1
"Baton Rouge, LA",1
"Mariveles, Bataan",1
11/4/14,1
Rural Northern Nevada,1
Between the worlds ,1
Akure city in ondo state ,1
"Bristol, England",1
"261 5th Avenue New York, NY ",1
Michigan ,1
"Fiore, Lamia Scale",1
"Napa, CA",1
"Brazos Valley, Texas",1
"Peterborough, Ontario, Canada",1
"Evanston, IL",1
"Cardiff, UK",1
california mermaid ? ,1
"Hoxton, London",1
somewhere outside,1
UGA '15 Alumnus - Economics ,1
they/her,1
Gumptown,1
MÌ©xico D.F.,1
Yobe State,1
UK  & Germany,1
CA ??DC,1
nearest trash can ,1
#iminchina,1
"eBooks, North America",1
"Fountain City, IN ",1
san gabriel la union,1
Jersey Shore,1
"Wailuku, Maui",1
USA/SO FLORIDA via BROOKLYN NY,1
Kuwait ,1
Shipwreck Cove,1
Florida USA,1
Nevada (wishing for Colorado),1
Quincy,1
Minneapolis/St. Paul,1
"Flushing, Queens",1
"Cardiff, Wales",1
London.,1
[ kate + they/them + infp-t ],1
"London, Riyadh",1
Pratt-on-Wye,1
Jump City,1
Merica!,1
"Danville, VA",1
"Boulder, CO",1
bahstun/porta reeko,1
wherever there's netflix,1
on the go,1
WORLDWIDE!,1
The ?? below ???,1
"46.950109,7.439469",1
"Miami,FL",1
"Waterloo, ON",1
"Escondido, CA",1
"Hawthorne, NE",1
"Alexandria, VA, USA",1
lagos nigeria,1
austin tx,1
the own zone layer ,1
Korea,1
"Medford, Oregon",1
Lytham St Anne's ,1
Grand Rapids MI,1
Oakland,1
??????????? ???????????..? ,1
"Leeds, UK",1
"Louavul, KY",1
todaysbigstock.com,1
Mid north coast of NSW,1
"Rotterdam, The Netherlands",1
"Click the link below, okay ",1
#partsunknown,1
"San Diego, California",1
"Sicamous, British Columbia",1
SÌ£o Paulo,1
Varies ,1
Suitland,1
urÌ£nus,1
"Alexandria, Egypt.",1
"Las Vegas, NV USA",1
melbourne,1
Orlando,1
probably the strip club,1
Paname City,1
Boston MA,1
Lincoln,1
"Columbia Heights, MN",1
Columbus ?? North Carolina,1
1D | 5SOS | AG,1
"Monterrey, MÌ©xico",1
"St. Louis, Mo",1
Somewhere between here & there,1
Athens - Nicosia,1
Êwagger!ÌominicanÌ÷,1
EARTH ,1
"Trinity, Bailiwick of Jersey",1
"Peterborough, Ont.",1
"Chicago, IL ",1
"Deadend, UK",1
nj/ny,1
"Fort Wayne, IN",1
lee london,1
"Ibadan,Oyo state",1
T-Ville,1
Roadside,1
Houston |??| Corsicana,1
Room 234,1
Quincy MA,1
Galatians 2:20 ,1
"Tucson, Arizona ",1
"( ?å¡ ?? ?å¡), ",1
"Brentwood,TN",1
probably petting an animal,1
Carterville,1
Why should you know?,1
"Kodiak, AK",1
with Doflamingo,1
"Greenpoint, Brooklyn",1
"Gages Lake, IL",1
"austin, texas",1
Adventist - Lesson Sabbath,1
Brazil ,1
"VÌ_sterÌ´s, Sweden",1
pissing off antis,1
Paradise City,1
EVERYWHERE,1
Paris.,1
Himalayan Mountains,1
Head Office: United Kingdom,1
Like us on Face ,1
"Eugene, Oregon",1
"Melton, GA",1
"Georgia, U.S.A.",1
Swaning Around,1
"Huber Heights, OH",1
QLD Australia,1
Connecticut,1
1/10 Taron squad,1
Somewhere in China.,1
Auburn ,1
"ÌøåÀå_T: 40.736324,-73.990062",1
"Okuma Town, Fukushima",1
"Ogba, Lagos, Nigeria",1
vancouver usa,1
"Predjama, Eslovenia.",1
Where I Need To Be,1
Weyburn,1
Thane,1
"Honolulu,Hawaii ",1
Saudi Arabia,1
Texas-USAã¢ ?,1
Wolverhampton/Brum/Jersey,1
"Hermosa Beach, CA",1
Torry Alvarez love forever ? ?,1
"Fife, WA",1
cork,1
"Paradise, NV",1
Hinterestland,1
Docker container,1
"Netherlands,Amsterdam-Virtual ",1
on the web,1
617-BTOWN-BEATDOWN,1
M!$$!$$!PP!,1
956,1
Proudly frozen Canuck eh !!,1
"ÌÏT: 19.123127,72.825133",1
14/cis/istj ,1
"Chiyoda Ward, Tokyo",1
jayankondacholapuram.tamilnadu,1
JDB/LJC/AGB/TW/PLL,1
Hawaii USA,1
"Palm Bay, FL (Kissimmee)",1
"Waialua, Hawaii",1
Boston/Montreal ,1
toledo,1
Kleenex factory,1
i love you zayn,1
Global Edition,1
"ÌÏT: 41.252426,-96.072013",1
"Ojodu,Lagos",1
Born in Baltimore Living in PA,1
New England,1
Cassadaga Florida,1
Travelling around the world ,1
"Walker County, Alabama",1
"Victorville, CA",1
Chattanooga TN,1
#goingdownthetoilet Illinois,1
"Boise, Idaho",1
 Alberta,1
seoul,1
"Cincinnati, OH",1
A small federal enclave,1
ilford,1
Mars,1
"Nottingham, United Kingdom",1
Melrose,1
"Rockland County, NY",1
SaudI arabia - riyadh ,1
"San Antonio, TX",1
Western Washington,1
labyrinthia,1
"Nomad, USA",1
"Very SW CA, USA....Draenor",1
Mexico! ^_^,1
LOCAL ATLANTA NEWS 4/28/00 - 4/28/15 FREELANCER,1
"Marrakech MÌ©dina, Marrakech - Tensift - Al Haouz",1
southern california,1
Long Island,1
Macclesfield,1
North America,1
BC,1
NJ,1
Kaneohe,1
lesa * she/her,1
Nagpur,1
"Amman,Jordan",1
"Littleton, CO, USA",1
?? Cloud Mafia ??,1
www.youtube.com?Malkavius2,1
"Yadkinville, NC",1
Garrett,1
"Slateport City, Hoenn",1
Vancouver Canada,1
"Jerusalem, Israel",1
EARTH,1
milky way,1
MUM-DEL,1
Miami,1
"Kenton, Ohio",1
The Low-Cal Calzone Zone,1
Serva Fidem,1
|-/,1
"DaKounty, Pa",1
"North Ferriby, East Yorkshire",1
Asia,1
Peoria,1
"Port Jervis, NY",1
"Wellington, New Zealand",1
"Crouch End, London",1
London/Surrey ,1
whs '17,1
"San Jose, CA, USA",1
SEC Country,1
Leitchfield Kentucky,1
Guayaquil,1
"LITTLETON, CO, USA, TERRAN",1
"GrC Founder, 8,000 Subscribers",1
MI,1
dundalk ireland,1
"Leicester, England",1
"Nicoma Park, OK",1
?????? ???? ??????,1
planeta H2o,1
Stage with Trey Songz,1
"San Diego, Texas.",1
"Aurora, Ontario ",1
Malang,1
Bandung,1
"Island Lake, IL",1
denmark,1
17-Feb,1
"yorkshire
",1
Miami via Lima,1
wny,1
Wiltshire,1
"WestEnd, Puritan Ave ",1
IG: AyshBanaysh,1
http://www.amazon.com/dp/B00HR,1
"Pakistan, Islamabad",1
Davao City,1
"R'lyeh, South Pacific",1
"Lawrence, KS via Emporia, KS",1
"Dalkeith, Scotland",1
Wolmers Trust School for Boys ,1
Nashua NH,1
"Lynchburg, VA",1
SURROUNDED BY WEEABOOS,1
Central Florida,1
17th Dimension,1
Earth-616,1
Georgia,1
??? ???? ??????,1
Charlotte ,1
"Rockford, IL",1
a van down by the river,1
Eagle River Alaska,1
 Miami Beach,1
Hyderabad Telangana INDIA,1
Ukraine and Ireland,1
"Pompano Beach, FL",1
buhh,1
 Baku & Erzurum ,1
Bleak House,1
"Berlin, NY, DC, Malibu",1
BOT ACCOUNT,1
"UK, Republic of Ireland and Australia",1
zboyer@washingtontimes.com,1
Austin,1
"SF Bay Area, California / Greater Phoenix, AZ",1
"Lancashire, United Kingdom",1
us,1
"manchester, uk.",1
Johannesburg ,1
"No ID, No VOTE!!!",1
"Fresno, California",1
keli x,1
"Alexandria, VA",1
blackfalds.,1
"Hendersonville, NC",1
Stateless Global Citizen,1
Maharashtra,1
Charter Member of the VRWC,1
"USA, Haiti, Nepal",1
"Va Beach, Virginia",1
wrapped arnd hyuk's finger,1
va,1
"#1 Vacation Destination,HAWAII",1
Manila City,1
"Pelham, AL",1
"Nova Scotia, Canada",1
"Fort Valley,GA/Fayetteville,AR",1
Asgard,1
"Catalonia, Spain",1
NYC / International,1
chillin at ceder rapids,1
"Groningen, Netherlands, Europe",1
"Indiana, USA",1
WorldWideWeb,1
"Henderson, NV",1
Contoocook Valley Region of Ne,1
-?s?s?j??s-,1
"San Juan, Puerto Rico",1
"Saskatchewan, Canada",1
Our Empire State,1
"St Louis, MO",1
"the void, U.S.A",1
Hawaii,1
"Eaubonne, 95, France",1
Hustletown,1
Londonstan,1
"Slatina,Romania",1
"Leeds, United Kingdom",1
World news,1
on to the next adventure,1
OK,1
"San Luis Obispo, CA",1
#Gladiator Û¢860Û¢757Û¢,1
Earthling (For now!),1
Milky Way galaxy ,1
"Concord, NH ",1
Leaving Bikini Bottom,1
"Kingston, Pennsylvania",1
Û¢ Views From The Six Û¢,1
"Sugar Land, TX",1
Cheshire. London. #allover,1
I ACCEPT SONG REQUESTS,1
Spain,1
BestCoast,1
Kajang ? UiTM Puncak Alam,1
russia,1
"Kettering, OH",1
"Bangor, Co.Down",1
"Xi'an, China",1
"Fairfax, VA",1
Weston super mare,1
Me mammy's belly,1
Colorado/WorldWide,1
Reading UK,1
"Jonesboro, AR MO, IOWA USA",1
Portoviejo-Manabi-Ecuador,1
"Halton, Ontario",1
Somewhere with Clyde,1
"NYC,US - Cali, Colombia",1
nj,1
Mo.City,1
"Scotland, United Kingdom",1
Meereen ,1
Madrid,1
Cydia,1
"Bayonne, NJ",1
?@symbolicjensen?,1
south africa eastern cape,1
Buffalo/DC,1
"July 11th, 2015. ?",1
"Hollywood, CA",1
The Harbinger.,1
ARIZONA,1
"Overland Park, KS",1
Essex/Brighton,1
HTX,1
Kingswinford,1
livin life in the 610,1
In The Mansion,1
fluffy cloud,1
between ideas & 3-5pm AEST,1
Wherever I'm sent,1
the Refrigerator ,1
"Birmingham, UK",1
potters bar,1
Niall's arms,1
the moon,1
NOLA ?? TX,1
Bucharest,1
Top Secret,1
LAGOS,1
Phoenix,1
"Sunbury, Ohio",1
"Saltillo, Coahuila de Zaragoza",1
The Sun's Corona,1
"Maricopa, AZ",1
"KADUNA, NIGERIA",1
"2B Hindhede Rd, Singapore",1
"Nigeria, Global",1
"Newcastle, England",1
USA ,1
miami x dallas ,1
Waterfront,1
Sheff/Bangor/Salamanca/Madrid,1
 The World,1
828??864??803,1
"Hensley Street, Portland",1
"Chicago,Illinois",1
Trost District,1
Darlington,1
Marbella. Spain,1
sweden,1
"Hughes, AR",1
"North East, England",1
Chicagoland,1
Nottingham,1
marvel | books | hp | tmr,1
"heart of darkness, unholy ?",1
"Ames, IA",1
"Brooklyn, New York",1
sri lanka,1
"Ormond By The Sea, FL",1
??9?,1
h+l,1
"Lima, OH",1
marysville ca ,1
"Brisbane, Queensland",1
Gold Coast,1
"iPhone: -27.499212,153.011072",1
"Medford, NJ",1
"Long Island, NY",1
Alliston Ontario,1
U.S. Northern Virginia,1
"Saint Louis, Missouri",1
North East USA,1
In a graveyard ,1
"Rapid City, South Dakota",1
someplace living my life,1
Hertfordshire ,1
South Florida,1
come here in 20 minutes for an ass kicking,1
"Wilmington, Delaware",1
Instagram: trillrebel_,1
Viterbo BFA Acting '18,1
Pekanbaruå¡Batam Islandå¡Medan,1
atx,1
USA - Canada - Europe - Asia,1
Sydney Australia,1
"Sherwood, Brisbane, Australia",1
"La Grange Park, IL",1
Home is where we park it!,1
"Gloucestershire , UK",1
Venezuela,1
Bombardment Bay,1
rural ohio (fuck),1
Isle of Man,1
in my head,1
Thrissur,1
"Lansdale,Pennsylvania",1
lost in my thoughts,1
"Woodcreek HS, Roseville, CA",1
The Internet,1
??+ ... ??+,1
"Bartholomew County, Indiana",1
Numa casa de old yellow bricks,1
nap queen,1
Warri,1
 |IG: imaginedragoner,1
U.S.A. - Global Members Site,1
"Washington, DC 20009",1
MIchigan,1
THANJAVUR,1
"CAMARILLO, CA",1
"toronto, ontario",1
Rhode Island,1
"The Kingdom of Fife, Scotland",1
"UK,singer,songwriter,?2 act",1
MNL,1
ACCRA GHANA,1
Rheinbach / Germany,1
"Ashford, Kent, United Kingdom",1
"Kauai, Hawaii",1
"FCT, Abuja ",1
"Harpurhey, Manchester, UK",1
California or Colorado,1
Turkmenistan,1
Palestine ,1
"Arlington, VA",1
"Manavadar, Gujarat",1
"Hampstead, London.",1
"LP, MN USA",1
"Port Orange, FL",1
big boy Û¢ 0802,1
"???????, ??'??????",1
"Maryland,Baltimore",1
"Long Beach, CA",1
Conversing In Janet's CafÌ¬,1
death star,1
PanamÌÁ ,1
In a crazy genius mind,1
"Helsinki, Finland",1
Ondo,1
Manila,1
401 livin',1
"Bremerton, WA",1
tri state,1
"The Hammock, FL, USA",1
"Edmonton, Alberta",1
Live mÌÁs,1
"Memphis,TN/ World Wide",1
"Waverly, IA",1
CamaquÌ£/Pelotas,1
Toronto-Citizen of Canada & US,1
The Desert,1
The barn,1
"PS4, now stop asking",1
3rd Eye Chakra,1
Unite. Bless. Wallahi ,1
?? Made in the Philippines ??,1
North East / Middlesbrough ,1
#PhanTrash,1
don't buy the s*n,1
Jeddah_Saudi Arabia.,1
Charleston S.C.,1
dreamy lake,1
"PG County, MD",1
L. A.,1
"Rochester, NY",1
"Huntley, IL",1
Every where,1
A.A.S my Aztec Princess,1
Kilkenny,1
access to njh/5 and cth/4,1
planet earth,1
WA State,1
"Dreieich, Germany",1
"Memphis, in the Tennessees",1
statesboro/vidalia,1
Heathrow,1
"Fort Collins, CO",1
302???? 815,1
"Itirapina, SÌ£o Paulo",1
?? ?+254? ? \??å¡_??å¡_???å¡_?/??,1
"kissimmee,fl.",1
Proudly Canadian!,1
?s????ss? a?????,1
MD,1
satan's colon,1
Punjab,1
  ,1
"Manchester, The World, England",1
"USA , AZ",1
Mountains,1
"Killa Hill, CO",1
"Lansing, Michigan",1
"sitting on the fence, New York",1
 New Delhi ,1
Wema building,1
laying on the bass,1
New York 2099,1
"Portsmouth, UK",1
www.tmgcgart.com,1
gamertag: bexrayandvav ,1
ona block w/ my BOY ??,1
Albuquerque,1
Incognito,1
New York ? ATL,1
"New York, United States",1
"Richmond, VA",1
"Holly, MI",1
"Downtown Churubusco, Indiana",1
Massachusetts ,1
"Houston,  TX",1
elizabeth king,1
"Pune, Maharashtra",1
Abuja,1
Based in CA - Serve Nationwide,1
"Bucks County, Pa",1
texas,1
London/Outlaw Country ,1
"ÌÏT: 10.614817868480726,12.195582811791382",1
???? ???????,1
Georgia ? Tennessee,1
justin & ari follow || tvd,1
Catskills,1
"Kawartha Lakes, Ontario, Canad",1
[@blackparavde is my frankie],1
instagram: bribriony,1
Perthshire ,1
california,1
Guelph Ontario Canada,1
English Midlands,1
3???2???????,1
Atlanta - FAU class of '18,1
"PA, USA",1
VISIT MY YOUTUBE CHANNEL.,1
"Los Angeles,CA, USA",1
Islamabad,1
PSN: Pipbois ,1
Alberta | Sask. | Montana,1
on a catwalk somewhere,1
POFFIN,1
"Harper Woods, MI",1
Bournemouth,1
" Eugene, Oregon",1
Brum/Lestah ,1
Mongolia,1
"Greensboro, North Carolina",1
TN,1
Lexington,1
Palestine Texas,1
The Pumpkin Carriage of Dreams,1
the Dirty D,1
PDX,1
Football Field,1
the burrow,1
"Wisconsin, USA",1
Suplex City,1
"Whitby, ON",1
"Chicago Heights, IL",1
Not Of This World,1
Caribbean,1
"Nadiad ,Gujarat , India!!",1
" BC, US, Asia or Europe.",1
liverpool ,1
NYC metro,1
Oblivion?,1
Dil's Campsite,1
kisumu,1
taken by piper curda,1
"Montana, USA",1
Lurking,1
Mumbai india,1
"Greensboro, NC",1
The Great State of Maine ,1
"Aix-en-Provence, France",1
Geneva,1
"Cimahi,West Java,Indonesia",1
"Roppongi, Minato, Tokyo ",1
"Haveli, Maharashtra",1
please H? ?:??,1
Chappaqua NY and Redlands CA,1
D(M)V  ,1
"Nantes, France",1
"Chorley, Lancashire, UK",1
"Hampshire, UK",1
Roaming around the world,1
St. Patrick's Purgatory,1
Zero Branco,1
"Minneapolis, MN",1
Adventuring in Narnia,1
Û¢III.XII.MMXIÛ¢,1
Fairgrounds Resident,1
"GREENSBORO,NORTH CAROLINA",1
"Tennessee, USA",1
709?,1
"Caserta-Roma, Italy ",1
New York. NY,1
"Winnipeg, Manitoba",1
Pro-American and Anti-#Occupy,1
"Eddyville, Oregon 97343",1
"Calgary, Canada",1
... -.- -.--,1
sisterhood,1
Los Angeles ,1
Rhyme Or Reason?,1
Shady Pines ,1
"Jersey City, NJ",1
North Hastings Ontario,1
Emirates,1
Poconos,1
@UntmdOutdoors #T.O.R.K ,1
??????????????????,1
Regalo Island,1
paradise,1
Killafornia made me ,1
under the blanket,1
University of Limerick,1
"Bristol, UK",1
"Vancouver, BC.",1
Santiago de Cmpostela Galicia,1
Detroit Tigers Dugout,1
"Halifax, NS, Canada",1
ITALY,1
Austin/Los Angeles,1
CT & NY,1
Freeport IL. USA,1
"Washington, D.C., area",1
"Jackson, MS",1
Texas ,1
Cape Cod,1
Brighton and Hove,1
"Dundee, UK",1
Live On Webcam,1
"ÌÏT: 40.707762,-74.014213",1
"Ottawa,Ontario Canada",1
Gameday,1
"North Port, FL",1
"ÌÏT: 35.223347,-80.827834",1
"Tulsa, OK",1
"Washington, DC NATIVE",1
"Innsmouth, Mass.",1
youtube.com/channel/UCHWTLC9B4ZjUGh7yDlb55Iw,1
"West Lancashire, UK.",1
Canada Eh! ,1
Desert Storm?? |BCHS|,1
627,1
#keepthefaith J&J,1
"Benton City, Washington",1
houston,1
"Fort Calhoun, NE",1
23 countries and counting!,1
mnl,1
Tallahassee Florida,1
Searching for Bae ,1
Devon/London ,1
ARGENTINA,1
Manhattan,1
oman muscat al seeb ,1
PROUD INDIANS,1
The Land of MAss Stupidity,1
"Highland Park, CA",1
"CPT & JHB, South Africa",1
"Bolton & Tewkesbury, UK",1
Albany/NY,1
peshawar pakistan ,1
VitÌ_ria (ES),1
"Las Cruces, NM",1
Canterbury kent,1
"Riverside, California.",1
Birmingham UK,1
Brisbane.,1
"Palm Desert, CA",1
Long Eaton åá Derbyshire åá UK,1
"Cypress, CA 90630",1
Oxford / bristol,1
Skyhold,1
The Meadow,1
"ATL, GA",1
KOLKATA,1
denver colorado,1
"Hamilton, Ontario Canada",1
Right next to Compton,1
"Virginia, United States",1
North Memphis/Global Citizen,1
5/5 access / rt link please x,1
Honeymoon Ì£ve.,1
"Wood Buffalo, Alberta",1
SoCal,1
"Mooseknuckle, Maine",1
Beside Basketball,1
"Calgary, Alberta, Canada",1
North,1
"Boston, Massachusetts",1
Somewhere in Spain,1
Raleigh (Garner/Cleveland) NC,1
"Mackay, QLD, Australia",1
midwest,1
"New Delhi,India",1
Roads/Trails Everywhere,1
TechFish ,1
Aberdeenshire,1
"pettyville, usa",1
"Jamshedpur, Jharkhand",1
"Lubbock, Texas",1
"Perth, Western Australia",1
WORLD WIDE,1
"Rome, Italy",1
NIFC,1
Delhi,1
everywhere,1
The Shire,1
"Level 3 Garrison, Sector G",1
North East Unsigned Radio,1
"Iowa, USA",1
Western New York,1
"alberta, canada",1
Montreal,1
"Inverness, Nova Scotia",1
Dallas Fort-Worth,1
"Gainesville, FL",1
xiumin's nonexistent solos,1
Makai,1
"Pocatello, Idaho",1
taking pain like pleasure,1
11202,1
travelling to tae's pants,1
#RedSoxNation,1
"Miami,Fla",1
Online 24/7. Not even kidding.,1
Moscow,1
"San Mateo County, CA",1
Gidi,1
texasss,1
i'm a Citizen of the World,1
"Aarhus, Central Jutland",1
Richardson TX,1
IRAQ,1
New Your,1
NY Capital District,1
rzl ?,1
"Bishops Lydeard, England",1
The World,1
Stockton on tees Teesside UK,1
Live4Heed??,1
"801 SL,UT",1
"Worcester, MA",1
Galapa / AtlÌÁntico,1
"Bellville, Ohio",1
Balikesir - Eskisehir,1
In Space,1
Tafekop Ga-Matsepe,1
Paris (France),1
not so cool KY,1
http://twitch.tv/jcmonkey,1
?Gangsta OC / MV RP; 18+.?,1
Yooooooo,1
"Burbank,CA",1
Anywhere Safe,1
NY || live easy? ,1
"Huntington, WV",1
pittsboro,1
876 Jamrock.,1
"La Puente, CA",1
bk. ,1
Proud @BuckMasonUSA supporter!,1
"Upper manhattan, New York",1
United Hoods of the Globe,1
FLYEST HIPPIE YOU KNOW ,1
Notts,1
"?????????????, Thailand ",1
dope show,1
Namjoon's pants,1
Hogwarts,1
sheffield // rotherham,1
"Norman, Oklahoma",1
"Lincoln, NE",1
"Kwajalein/Virginia/Dayton, OH",1
"antioch, california",1
"City of London, London",1
"Webster, TX",1
"Mogadishu, Somalia",1
Corpus Christi,1
Right here,1
Robin Hood's County ,1
Stanford University,1
COMING SOON,1
Afghanistan,1
"Kansas, The Free State! ~ KC",1
"Madison, Wisconsin, USA",1
WORDLDWIDE,1
Spinning through time.,1
Wrex,1
Helsinki,1
atlanta,1
Zimbabwe,1
NYC-LA-MIAMI,1
Innerhalb der LÌ_cke,1
"Crayford, London",1
Halfrica,1
"Kutztown, PA",1
Smash Manor/Kanto,1
"Kyiv, Ukraine",1
"VONT ISLAND, LAGOS",1
Alberta ,1
Ellensburg to Spokane,1
"Houston, Texas ! ",1
instagram- Chloe_Bellx,1
"Chester, IL",1
mind ya business,1
"Okanagan Valley, BC",1
Street of Dallas,1
CT ? NYC,1
Passamaquoddy,1
"CT, USA",1
VÌ_a LÌÁctea,1
"Sunrise Manor, NV",1
"Eastlake, OH",1
"ÌÏT: 1.50225,103.742992",1
london town..,1
Dudetown,1
"NYC, New York",1
Charlotte County Florida,1
"Cleveland, Ohio",1
"Quezon City, Philippines",1
Newcastle upon Tyne,1
"Avon, OH",1
Queensland,1
"Dallas, Tejas",1
I rap to burn shame.,1
"Sharkatraz/Bindle's Cleft, PA",1
U.S.,1
The Wood,1
houstn,1
"Hatteras, North Carolina",1
contactSimpleNews@gmail.com,1
@cockerelshoes,1
Diamondville,1
port matilda pa,1
"Gwersyllt, Wales",1
Elchilicitanierraversal ,1
EspÌ_rito Santo,1
Oldenburg // London,1
y/e/l,1
"Concord, N.C.",1
//RP\ ot @Mort3mer\\,1
"Palma, Islas Baleares",1
"Columbus, Georgia",1
"Dubai, United Arab Emirates",1
Intermountain West,1
MA via PA,1
Wellington,1
"Basking Ridge, NJ",1
"iPhone: 33.104393,-96.628624",1
"Holly Springs, NC ",1
Brizzle City !,1
"ÌÏT: 33.209923,-87.545328",1
westwestwestwestwestwestwest,1
ATX,1
"Amazon Seller , Propagandist",1
Im In Route ,1
LiÌ¬ge,1
"Purgatory, USA",1
"Newcastle, England ",1
"East Islip, NY",1
Australia ,1
japon,1
Earth 0,1
On a beach ,1
Yogya Berhati Nyaman,1
"Waterloo, Ont",1
#otrakansascity,1
Somewhere in Jersey,1
Tunbridge Wells,1
"Minneapolis,MN,US",1
"Fredericksburg, Virginia",1
Tring ,1
Canada ,1
"Fort Worth,  Texas ",1
"Arvada, CO",1
Stay Tuned ;) ,1
Tennessee/Gallifrey,1
"Whiterun, Skyrim",1
"Palm Beach County, FL",1
"Buxton, Venice, and Nottingham",1
"Livingston, MT",1
"Mount Vernon, NY",1
"Screwston, TX",1
?????? ??? ?????? ????????,1
#SandraBland,1
Jammu | Kashmir | Delhi,1
"US, PA",1
Vineyard,1
New Chicago,1
Amsterdam,1
"West Coast, Cali USA",1
Higher Places,1
hyderabad,1
65,1
Principality of Zeron,1
Somewhere Around You,1
NYHC,1
GO BLUE! HAIL YES!!,1
Nicola Valley,1
miami,1
"Madison, WI & St. Louis MO",1
ColoRADo,1
Hailing from Dayton ,1
"London, United Kingdom",1
"Detroit, Michigan",1
"Dublin City, Ireland",1
" 616 Û¢ Kentwood , MI ",1
"New Britain, CT",1
"Suva, Fiji Islands.",1
"48.870833,2.399227",1
sÌ£o luis,1
Valle Del Sol,1
Duncan,1
Bangalore. India,1
South of D.C.,1
Kernow,1
"Atlanta, Georgia USA",1
LiVE MÌS,1
"Toronto, ON, Canada",1
"Jaipur, Rajasthan, India",1
"ÌÏT: 0.0,0.0",1
Lives in London,1
Varanasi,1
Pomfret/Providence,1
dmv ?? fashion school @ KSU. ,1
"Jaipur, India",1
"Lubbock, TX",1
Austin | San Diego,1
"Jacksonville Beach, FL",1
"SEATTLE, WA USA",1
"Waco, Texas",1
Kashmir!,1
"Bow, NH",1
In the middle of no where,1
"Lima, PerÌ¼",1
elena's bed // info on link,1
ny,1
"Gaborone, Botswana",1
"Irving , Texas",1
East Kilbride,1
ava,1
"Brasil,SP",1
"Des Moines, Iowa ",1
AUSTRALIA-SOUTHAFRICA-CAMBODIA,1
"Sunnyvale, CA",1
"washington, d.c.",1
Pon Di Gully,1
This Is Paradise. Relax. ,1
"Fleet/Oxford, UK",1
Here & There,1
"New Hanover County, NC",1
We are global!,1
"MontrÌ©al, QuÌ©bec",1
"Rogersville, MO",1
"Houston, TX  ",1
"Pioneer Village, KY",1
"Laredo, TX",1
lost in history,1
ayr,1
"Rochester Hills, MI",1
too far,1
we?it Û¢ ixwin,1
?????? in Yokohama Japan,1
New York Brooklyn,1
#SOUTHAMPTON ENGLAND,1
Peshawar,1
somewhere in Portugal,1
" Quantico Marine Base, VA.",1
iamdigitalent.com,1
The Howling,1
everydaynigerian@gmail.com,1
VCU,1
"Based out of Portland, Oregon",1
"Melbourne, Australia.",1
Mass,1
Rocketing through the galaxy,1
at my home,1
"Shah Alam,Malaysia",1
Not Steven Yeun / AMC.,1
"new york, ny",1
www.aprylpooley.com,1
"Vermont, USA",1
"1313 W.Patrick St, Frederick",1
|| c h i c a g o ||,1
antoine fisher ,1
"Outside The Matrix, I Think.",1
Belgrade,1
"West Richland, WA",1
18 Û¢ CC,1
"ÌÏT: 6.4682,3.18287",1
indiana,1
MAURITIUS,1
State of Georgia,1
"Charleston, WV",1
Spying on your thoughts,1
N?? Y???.,1
Some other mansion,1
"Plano, IL",1
  å_ ,1
Santiago Bernabeau,1
Alberta Pack,1
neil's kitchen  |  32215,1
"London, Greater London, UK",1
Twitter Lockout in progress,1
"Atlantic, IA",1
"New Jersey, usually",1
BOSTON-LONDON,1
Where the money at,1
"Orange County, NY",1
"Eagle Mountain, Texas ",1
"Lethbridge, Alberta, Canada",1
"Goa, India",1
"New York City, NY",1
"Oshawa, Canada",1
btwn a rock and a hard place,1
"Duval, WV 25573, USA ?",1
hertfordshire.,1
"Ocean City, NJ",1
"The Citadel, Oldtown, Westeros",1
PG Chillin!,1
"Keighley, England",1
"Thibodaux, LA",1
Fakefams,1
"Dundas, Ontario",1
Dublin,1
SoDak,1
"Dorset, UK",1
"Beirut, Lebanon",1
"Yulee, FL",1
"Coconut Creek, Florida",1
"Lancaster, CA",1
The Weird Part of Wonderland,1
Wanderlust,1
Baton Rouge,1
Trackside California,1
Telangana,1
"Copenhagen, Capital Region of Denmark",1
M!A: None,1
"Espoo, Finland",1
proudly South African,1
"Hilton Head, SC  ",1
mpls. ,1
"Alberta, VA",1
Louisiana,1
"Phoenix, Arizona, USA",1
africa,1
"Silesia, Poland",1
Somewhere ,1
"Kabul, Tuebingen, Innsbruck",1
"Linton Hall, VA",1
"Sacramento, California",1
"Perenjori, WA",1
WORLDWI$E ,1
Amsterdam | San Francisco,1
Norf Carolina,1
"Books Published, USA",1
University of South Florida,1
'Merica,1
"Cairo, Egypt",1
Orlando ,1
"Broadview Heights, Ohio",1
"Here, there and everywhere",1
Your Sister's Bedroom,1
"Belbroughton, England",1
aggressive cannoli eater ,1
"calgary,ab",1
"New Orleans, Louisiana",1
"Narnia, Maryland",1
"Bloomington, IN",1
www.twitch.tv/PKSparkxx,1
"Kensington, MD",1
"Lynnfield, MA",1
lowestoft,1
"Stratford, CT",1
The D,1
Europe,1
Internet,1
60th St (SS),1
"Hamilton County, IN",1
a box,1
but i love kaylen ??,1
Chicago Area,1
"Manchester, NH",1
"Cairo, Egypt.",1
ChicagoRObotz,1
"Vero Beach , FL",1
"Quito, Ecuador.",1
seattle wa,1
Every Where in the World,1
Westchester,1
My subconscious,1
Rochester,1
Center for Domestic Preparedness,1
oxford,1
The Empire/First Order,1
Canadian bread,1
Malibu/SantaFe/Winning!,1
 ?currently writing a book?,1
"IJmuiden, The Netherlands",1
staggering on tenement roofs,1
"Philadelphia, Pennsylvania",1
"perth, australia ",1
"Gujranwala, Pakistan",1
Roanoke VA,1
"Edmonton, Alberta - Treaty 6",1
"El Paso, TX",1
i beg vines sorry ,1
"Maracay y Nirgua, Venezuela",1
Asia European Continent Korea ,1
Somewhere Powerbraking A Chevy,1
"Norwalk, CT",1
"New Haven, Connecticut",1
"Louisville, KY ",1
"Chicago, but Philly is home",1
One World,1
Ohio,1
"Giddy, Greenland",1
? Jet Life ?,1
WonderlandÛÓ ?????? ???? ??????,1
Illinois,1
Reddit ,1
In the moment,1
??????????????,1
Tractor land aka Bristol,1
"Williamsbridge, Bronx, New Yor",1
"Mumbai, Maharashtra",1
"Harlingen, TX",1
"Rapid City, Black Hills, SD",1
Making Worldwide Change Near U,1
"Canberra, Australian Capital Territory",1
Ideally under a big tree,1
"Sligo and Galway, Ireland",1
Tamworth,1
America | New Zealand ,1
18 | 509 ,1
"Swindon,England ",1
"Mooresville, NC",1
S.F. Bay area,1
State of Dreaming,1
Planet of da Bathing Apes,1
The 5th Dimension. ,1
Magnolia,1
USAoV,1
Texas af,1
seattle grace mercy death,1
phuket thailand,1
Lindenhurst,1
Australian Capital Territory,1
"labuan, malaysia",1
"Melbourne, FL",1
on twitter ,1
Freeport Ny,1
"Riverview, FL ",1
We're All Mad Here,1
Warm Heart Of Africa,1
Eastbourne England,1
"Fountain Valley, CA",1
toronto,1
kano,1
"Bronx, New York",1
Where ever i please,1
"East Atlanta, Georgia",1
KSU 2017,1
Erbil,1
Unnamed City,1
Lima-Peru,1
"Colombo,Sri Lanka.",1
Savage States of America,1
"Uyo, Akwa Ibom State, Nigeria",1
"Alabama, USA",1
"Rock Springs, WY",1
South Central Wales,1
fujo garbage heaven ,1
"Ames, Iowa",1
"Topeka, KS",1
"Arkansas, Jonesboro",1
England ,1
Stay Fly?,1
Blogland,1
rio de janeiro | brazil,1
Durham N.C ,1
"di langit 7 bidadari (^,^ )",1
Queens New York,1
Dammam- KSA,1
 Indiana,1
Greenwich Meridian,1
Watch Those Videos -,1
God.Family.Money,1
"Cavite, Philippines",1
"southwest, Tx",1
timeline kamu,1
"Paris, France",1
"Coolidge, AZ",1
"Piedmont Area, North Carolina",1
??????? ??????? ????????,1
"Spokane, WA",1
"Medan,Indonesia",1
Made Here In Detroit ,1
The Orwellion police-state,1
"Karolinska vÌ_gen 18, Solna",1
'soooota,1
az,1
"Alicante, Valencia",1
Nirvana,1
  Glasgow ,1
"Winnipeg, MB, Canada",1
10-Jul,1
i love the smurfs 2,1
"Macon, Georgia",1
Play For Ryan ??,1
"Horsemind, MI",1
Russia,1
shoujo hell ,1
#LemonGang ,1
Hampshire UK,1
Some pum pum,1
"brisbane, australia",1
Own planet!!,1
"San Antonio-ish, TX",1
california | oregon | peru |,1
"Lahti, Finland",1
"Paulton, England",1
@potteratthedisc,1
Home of the Takers.,1
Bug Forest,1
Yuuko-san's shop,1
Bahrain,1
District 12 - Orange County,1
Sheffield/Leeds,1
Detroit/Windsor,1
"Tulalip, Washington",1
Im Around ... Jersey,1
"Novi, MI",1
london essex england uk,1
my house,1
AsunciÌ_n-PY / TÌ_bingen-GER,1
"Here, unless there.  ",1
"The Sanctuary Network, Rome",1
"Cuttack, Orissa",1
Thornton  Colorado,1
Nakhon Si Thammarat,1
"Cleveland, TN",1
"Suburban Detroit, Michigan",1
Swag Francisco,1
"Sao Paulo, Brazil",1
New Jersey/ D.R.,1
Score Team Goals Buying @,1
Utah,1
leyland,1
"Dover, DE",1
"ÌÏT: 27.9136024,-81.6078532",1
Pawnee,1
Bedford IN ,1
Azeroth,1
"Belleville, Illinois",1
Homs- Syria,1
"Ealing, London",1
??? ??? ????? ??? ???.,1
Get our App,1
"Kalimantan Timur, Indonesia",1
 Nxgerxa,1
LYNBROOK,1
"Raleigh Durham, NC",1
Did anybody see me here ??,1
St. Louis Mo.,1
"Mysore, Karnataka",1
Las Vegas aka Hell,1
3?3?7?SLOPelousas??2?2?5?,1
UPTOWN ,1
My contac 27B80F7E 08170156520,1
"Richmond Heights, OH",1
Cyprus,1
"Savannah, GA",1
CLT,1
"Olathe, KS",1
"Morris, IL",1
(Spain),1
Colchester Essex ,1
Statute Of Limitations_,1
"Tucson, AZ",1
"Caracas, Venezuela.",1
Your notifications,1
The South & WestCoast ,1
Uganda,1
"West Bank, Gaza Strip",1
"Eagle Pass, Texas",1
"Wahpeton, ND",1
Spain - China - Latin America.,1
#ForeverWithBAP 8 ,1
Near Yosemite,1
"Grimsby, England",1
"Orange County, CA",1
West Hollywood,1
Hame,1
 Tropical SE FLorida,1
liaÛ¢daniÛ¢laura,1
"Mumbai, India",1
//??//,1
"570 Vanderbilt; Brooklyn, NY",1
"Carol Stream, Illinois",1
Houston ,1
Lake Highlands,1
Somewhere Out There,1
Isolated City In World Perth,1
he/him or she/her (ask),1
France,1
"i got 1/13 menpa replies, omg",1
"Lowell, MA",1
The Windy City,1
Cameroon,1
Extraterrestrial Highway,1
"sydney, australia",1
"Spring Grove, IL",1
"Amman, Jordan",1
All around the world!,1
Phila.,1
"Sochi, KDA, RU",1
"Wilmington, DE",1
LFC x GSW,1
Far Away From Home,1
Argentina,1
"Nairobi , Kenya",1
"KÌ¦ln, Nordrhein-Westfalen",1
"Ted&Qz Inc, Ireland, Europe",1
Gloucester,1
iTunes - RSS,1
"Elmwood Park, NJ",1
illinois. united state ,1
in my own personal hell (:,1
KurveZ@GearHeadCentral.net,1
"Alvin, TX",1
"Lancaster, Pennsylvania, USA",1
"Surulere Lagos,Home Of Swagg",1
"NH via Boston, MA",1
Mumbai (India),1
"Elsewhere, NZ",1
buffalo / madrid / granada,1
"St. Louis, Missouri",1
Belfast,1
Mpela'zwe ,1
"Yeezy Taught Me , NV",1
"Abuja, Nigeria",1
Northern Colorado,1
"Frome, Somerset, England",1
"KLA,Uganda",1
Sunny South florida ,1
In @4SkinChan 's arms,1
Host of #MindMoversPodcast,1
The Memesphere,1
Miami ??,1
"St Paul, MN",1
AFRICA,1
"Atlantic Highlands, NJ",1
"Kualar Lumpur, Malaysia",1
Michel Delving.,1
somewhere in cali ,1
probably watching survivor,1
jeddah | Khartoum,1
The Forever Girl,1
"Asheboro, NC",1
"Concord, CA",1
Earth ,1
"Hartford,  connecticut",1
Aperture Science Test Facility,1
NYC&NJ,1
Fruit Bowl,1
Û¢OlderCandyBloomÛ¢,1
"Montgomery, AL",1
"Coventry, Rhode Island",1
"Indonesia
",1
"Gettysburg, PA",1
"Jacksonville, FL",1
"Ab, Canada",1
21 | PNW,1
Tampa,1
fl,1
THE 6IX,1
Storybrooke / The Moors,1
Inside the Beltway (DC Area),1
"Wales, United Kingdom",1
trapped in America,1
The P (South Philly),1
"Nelspruit, South Africa",1
?^åá??åá?^?? ??,1
Leeds,1
An eight-sided polygon,1
Nunya,1
ducked off . . . ,1
"Frankfort, KY",1
"Lethbridge, AB, Canada",1
winston-salem north carolina,1
a botanical garden probably,1
"Detroit, MI, United States",1
Swan River,1
Sacramento,1
Illumination ,1
"Garden City, NY",1
"Watertown, Mass.",1
#Bummerville otw,1
"Charleston, SC",1
LA/OC/Vegas,1
Calgary/Airdrie/RedDeer/AB,1
"North Vancouver, BC",1
A Hoop Somewhere,1
Finland,1
"Denton, Texas",1
"Redondo Beach, CA",1
"Pleasanton, CA",1
Visit our  dedicated website @,1
"Liberty Township, Ohio",1
Halton Region,1
IM LOST ,1
ÛÊÛÊÛÊ,1
On the toilet having a dump ,1
"Blackpool, England, UK.",1
Ziam af ,1
Amarillo,1
North London,1
IL,1
United States where it's warm,1
"Washington, D.C. ",1
The Web,1
"Vancouver, Canada",1
"Bokaro Steel City, Jharkhand",1
"Darnley, Prince Edward Island",1
The North,1
Earth: Senseless nonsense,1
beacon hills ,1
swindon,1
Cascadia,1
Antigua ?? NYC ,1
ngapain?,1
Manchester UK,1
Also follow ?,1
Warszawa,1
"Temecula, CA",1
"North Highlands, CA",1
Ukraine,1
"Black Canyon New River, AZ",1
Reading MA,1
"Tacoma,Washington",1
"Orlando,FL  USA",1
Sacae Plains,1
QUEENS.,1
jersey ,1
"ATLANTA , GEORGIA ",1
ANYWEHERE !!,1
"louisville, kentucky",1
The Grey Area,1
Maryland ,1
 New England,1
Birmingham and the Marches,1
Tipperary (Long Way) ,1
Oregon and Washington,1
Amsterdam & Worldwide,1
Benedict College,1
The Main ,1
Chicago IL,1
garowe puntland somalia,1
"Maryland, USA",1
The Shady Hyenatown of Finland,1
"Enterprise, Alabama",1
"West Coast, USA",1
"Auburn, AL",1
Somewhere between Chicago & Milwaukee,1
Behind The Obama Curtain,1
Ecuador,1
"Salt Lake City, Utah",1
Above the snake line - #YoNews,1
"Washington, USA",1
turner fenton,1
"Cambridge, Massachusetts, U.S.",1
dublin ,1
Hogsmeade,1
Alger-New York-San Francisco,1
"gaffney, sc ",1
"Johannesburg, South Africa ",1
"Rockville, Maryland",1
Charlottetown,1
Chester,1
"ÌÏT: 42.910975,-78.865828",1
"kediri,,jawa timur",1
At your back,1
back in japan ??????????,1
"Johns Creek, GA",1
"Waukesha, WI",1
Between Dire and Radiant,1
Westerland,1
"Poplar, London",1
"2,360 miles away",1
"Fort Knox, KY 40121",1
"Sunshine Coast, Queensland",1
"Arlington, VA and DC",1
?semekeepschanging@soyeh?,1
Atlanta Georgia,1
(RP),1
"Laguna Beach, Calif. ",1
Photo : Blue Mountains ,1
"Kuala Lumpur, Malaysia",1
"East Lansing, MI",1
Hell,1
"Dhaka, Bangladsh",1
London/Bristol/Guildford,1
WESTSIDE OF PHILLY 7? BLOCK??,1
buenos aires argentina,1
Inside your webcam. Stop that.,1
Bangkok,1
"Derbyshire, United Kingdom",1
PH,1
cedar rapids ia,1
"Silang, Cavite / ParaÌ±aque",1
Dutch/English/German,1
"Jersey City, New Jersey",1
"Chiswick, London",1
scumbernauld,1
In the spirit world,1
"Wakefield, West Yorkshire",1
front row at a show,1
"Hermitage, PA",1
"Near Richmond, VA",1
"ÌÏT: -26.695807,27.837865",1
"Athens, Greece",1
"Sioux Falls, S.D. ",1
 snapchat // fvck_casper ,1
"New York, NY ",1
Two Up Two Down,1
Jackson TN,1
DRAW A CIRCLE THAT'S THE EARTH,1
central chazifornia,1
maryland,1
"Atlanta, Ga",1
D.C. - Baltimore - Annapolis,1
Location,1
Malaysia/Jordan,1
Lancaster California,1
"In #Fairie, where else? ;-)",1
"Saline, MI",1
Slappin and Smackin ,1
San Diego CA,1
#EngleWood CHICAGO ,1
playing soccer & eating pizza,1
Fresno,1
"Greeley, CO",1
"Bangalore, INDIA",1
cyprus,1
"The Epicenter, and Beyond",1
New Jersey/New York,1
Ylisse,1
Doghouse,1
icon: cheese3d,1
"Perth, Australia",1
Bossland,1
"Durham, NC",1
cognitive dissonance town,1
"College Station, TX",1
"City of Angels, CA",1
"Ljubljana, Slovenia",1
"Dorset, United Kingdom",1
"Madrid, Comunidad de Madrid",1
All around the world,1
"Bridport, England",1
Karachi ,1
Bangalore,1
Chicago - Lake Buena Vista,1
Û¢5Û¢12Û¢14Û¢ | åÈ#SaviourSquadåÇ,1
"Christiana,Tennessee",1
THE WORLD T.G.G / M.M.M ,1
"204, 555 11 Ave. S.W.",1
balvanera,1
Eastern Iowa,1
"Ontario, Canada. ",1
NC || OR,1
Some where,1
the azure cloud,1
Melbourne-ish,1
The Pig Sty,1
I-75 in Florida,1
"North Dartmouth, Massachusetts",1
Seattle WA,1
"Winter Park, Colorado",1
Yewa zone,1
"Jubail IC, Saudi Arabia",1
Bathtub de Bett ,1
Not a U.S resident,1
mi,1
YA MOTHA BED,1
I O W A,1
"Dallas, Texas. ",1
North Carolina ,1
"Davis, California",1
have car; will travel,1
taking bath do not disturb,1
Just Happy to Be Anywhere,1
Aracaju - Sergipe,1
"SÌ£o Paulo, Brasil",1
Pacific Northwest,1
"brooklyn, NYC",1
" Little Rock, AR",1
? miranda ? 521 mi,1
"Absecon, NJ",1
"Macon, GA",1
#KaumElite;#F?VOR;#SMOFC,1
PunPunlÌ¢ndia,1
"golborne, north west england.",1
"Hannover, Germany",1
"Budapest, Hungary",1
"cody, austin follows ?*?",1
#freegucci,1
"Greensburg, PA",1
by a piano probably. ,1
Rafael castillo,1
"Elkhart, IN",1
don't run,1
sneaking glances at Thancred,1
Houston,1
In your mind,1
"Sanganer, Rajasthan",1
RhodeIsland,1
On the court ,1
Brooklyn,1
"Hagerstown, MD",1
"State College, PA",1
"Jogja, Indonesia Slowly Asia",1
missouri USA,1
Baydestrian,1
International Action,1
ATL??AL??,1
Chasing My Dreams w/Jass??,1
NJ/NY/NM/NE/ND,1
#????? Libya#,1
"Enterprise, NV",1
South Carolina,1
"State College, Pa",1
"Birmingham, United Kingdom",1
"Nanaimo, BC, Canada",1
snapchat~ maddzz_babby ,1
"McLean, VA",1
New York / Worldwide,1
FSC '19,1
Bronx NY,1
 Jariana Town,1
emily | helen | shelley ,1
In the Shadows,1
"Madison, GA",1
Lahore,1
Third rock from the Sun,1
Phoenix Az,1
"Louisville, KY",1
"Toronto, ON",1
Bangkok Thailand,1
The land of New Jersey. ,1
"Lebanon, Tennessee",1
#HAMont,1
LA,1
"Largo, MD",1
"Bhopal, Madhya Pradesh, India.",1
New York - Connecticut,1
Dhaka,1
"Cleveland, OH - San Diego, CA",1
Hooters on Peachtree,1
Cottonwood Arizona,1
{GoT | Modern AU | Lizz},1
Worldwide.,1
"peekskill. new york, 10566 ",1
East London,1
International ,1
Temporary Towers,1
Port Williams NS,1
"Los Angles, CA",1
The Internet & NYC,1
CLVLND,1
Bay Area,1
South east of U.K,1
The Globe,1
[marvelÛ¢dragon ageÛ¢wicdiv],1
EspaÌ±a,1
"Saipan, CNMI",1
"Enniscrone & Aughris, Sligo ",1
Co. Tyrone Northern Ireland,1
Cornwall,1
Team Slytherin,1
Neverland,1
"New York City ,NY",1
Reality,1
"Spain but Opa-Locka, FL",1
"Galveston, Texas",1
Trinidad and Tobago,1
Purfleet,1
British girl in Texas,1
"Chapel Hill, NC",1
H / pez & sophia ,1
Houma La,1
"Orlando/Cocoa Beach, FL",1
"Lima, Ohio",1
Jupiter,1
Prehistoric Earth,1
"Quantico, VA",1
"Terlingua, Texas",1
The shores of Lake Kilby,1
mumbai,1
All around the world baby,1
Thailand Malaysia Indonesia ,1
"Scotts Valley, CA",1
STL ?NOLA,1
"BROOKLYN, NYC",1
RSN: Tru,1
My old New England home,1
Near Warrington,1
Hearts & Minds,1
"Layang-Layang, Perak",1
"Edinburgh, Scotland",1
GOT7SupportPH,1
"Toronto, Bob-Lo, Miami Beach",1
Inside your mind.,1
"Wilbraham, MA",1
"West Chester, PA",1
"Oneonta, NY/ Staten Island, NY",1
"St Austell, Cornwall",1
"Alphen aan den Rijn, Holland",1
Boksburg,1
Scottsdale. AZ,1
å_: ?? ÌÑ ? : ?,1
Whole World ,1
"El Dorado, KS",1
International,1
Utica NY,1
"Renfrew, Scotland",1
"Vancouver, Colombie-Britannique",1
Old Blighty,1
Primum non nocere,1
"Huntsville, AL",1
Rio,1
Netherlands,1
"Tampa-St. Petersburg, FL",1
Beit El - Israel,1
"Scottsdale, AZ",1
"Minority Privilege, USA",1
"From NY. In Scranton, PA",1
Fashion Heaven. IG: TMId_,1
Anywhere,1
Anywhere I like,1
"Fukuoka, Japan",1
"Kenosha, WI 53143",1
Vietnam,1
"Wasington, DC",1
EastAtlanta ??#WestGeorgia'18,1
My mind is my world,1
"Fort Lauderdale, FL",1
Aztec NM,1
"Newport, Wales, UK",1
Am International,1
"Porto Alegre, Rio Grande do Sul",1
BIG D  HOUSTON/BOSTON/DENVER,1
"Abuja,Nigeria",1
PSA Nursing ,1
Area 8 ,1
"Danbury, CT",1
"Henderson, Nevada",1
"BodÌü, Norge",1
Soufside,1
Bristol,1
"Halifax, Nova Scotia",1
BrowardCounty // Florida ,1
Paranaque City,1
"Park Ridge, Illinois",1
Silvermoon or Ironforge,1
"Bandar Lampung, Indonesia",1
U.S,1
Under Santa Barbara Skies,1
Waco TX,1
"Beaumont, TX",1
"Tri-Cities, Wash.",1
HOMRA.,1
ELVY,1
Headed To The Top,1
"Portage, IN / Worldwide",1
"Somerset, UK",1
dallas,1
"Pig Symbol, Alabama",1
dubai ,1
"St. Catharines, Ontario",1
NYC area,1
"Fort Walton Beach, FL",1
253,1
"Harlem, New York",1
"Port Charlotte, FL",1
???????????,1
London/New York,1
"Terre Haute, IN",1
BrasÌ_lia,1
The Great State of Texas,1
Evergreen Colorado,1
"New Jersey, USA",1
Argus Industries \m/666\m/,1
"DC, frequently NYC/San Diego",1
Gotham,1
Atmosphere,1
Downtown Oklahoma City,1
"Penn Hills, PA",1
Vancouver (HQ) and worldwide,1
Shelby County,1
Land Of The Kings,1
"Cuernavaca, Morelos, MÌ©xico.",1
"Brackley Beach, PE, Canada",1
"Pueblo, Colorado",1
"Ashland, Oregon",1
"New Mexico, USA",1
Dappar (Mohali) Punjab,1
"UAE,Sharjah/ AbuDhabi",1
Ebola,1
The Triskelion,1
Campinas Sp,1
south of heaven ,1
The windy plains of Denver,1
"Victoria, BC  Canada",1
Vail Valley,1
PROV,1
columbus ohio,1
Pontefract UK,1
412 NW 5th Ave. Portland OR,1
"Friendswood, TX",1
wherever-the-fuck washington,1
Ontario,1
GLOBAL/WORLDWIDE,1
"Cochrane, Alberta, Canada",1
Û¢FLGÛ¢,1
Selena | Britney | Hilary,1
"Las Vegas, NV",1
St PetersburgFL,1
"USA, North Dakota",1
Chicora ?? Oakland,1
The TARDIS,1
"England,UK,Europe,Sol 3.",1
Former Yugoslav Republic of Macedonia,1
"Morganville, Texas.",1
walking the tightrope,1
Garden Grove,1
?205?478?,1
i luv raquel,1
"Brasil, Fortaleza ce",1
"Oslo, Norway",1
"Ottawa, Canada",1
Kirkwall,1
"Pensacola, FL",1
probably not home,1
"Huntsville, Alabama",1
CHICAGO (312),1
"West Palm Beach, Florida",1
Waterford MI,1
"Hamburg, DE",1
North West England UK,1
"New Brunswick, NJ",1
Nice places ,1
eating strawberry shitsickles,1
England.,1
Daddy Kink Central,1
Ivano-Frankivsk,1
"Midwest City, OK",1
Bellevue NE,1
"Den Helder, Rijkswerf",1
"Washington, Krasnodar (Russia)",1
"Colorado, USA",1
"Ikeja, Nigeria",1
"Anderson, SC",1
"Birdland, New Meridian, FD",1
"Ely, Cambridgeshire",1
NEWCASTLE,1
"Cambridge, Massachusetts",1
Loveland Colorado,1
"South West, England",1
"Chatham, IL",1
Deployed in the Middle East,1
Crato - CE ,1
Bikini bottom,1
City Of Joy,1
"Washington DC / Nantes, France",1
In my studio,1
Cymru araul,1
Bacon,1
call me peach or sam lo,1
"Philadelphia, Pennsylvania USA",1
St. Louis,1
"Surry Hills, Sydney",1
2005 |-/,1
"USA, WA",1
Nashville,1
"Quilmes , Arg",1
Justin and Ariana follow,1
AKRON OHIO USA,1
"Gainesville/Tampa, FL",1
Spring Tx,1
Beautiful British Columbia,1
"Jerseyville, IL",1
"Kentucky, USA",1
MY RTs ARE NOT ENDORSEMENTS,1
"Moscow, Russia",1
IN,1
"Fort Worth, Texas",1
Trapped in my Conscience ,1
"Jakarta, Indonesia",1
where the wild things are,1
"Milton Keynes, England",1
The UK,1
Tokyo & Osaka,1
"Semarang, Indonesia",1
Ventura,1
Positive 852,1
Chester Football Club,1
Montana ,1
"Toronto, Worldwide ",1
Bronx NYC / M-City NY,1
??? ?? ??????? ,1
Hollywood,1
"Fredonia,NY",1
"Atlanta,Ga",1
"Camberwell, Melbourne",1
khanna,1
Est. September 2012 - Bristol,1
Clean World,1
"Tripsburg, ms.",1
cereal aisle #17:i4,1
EspaÌ±a - Spain - Espagne,1
LIVERPOOL,1
"-6.152261,106.775995",1
philly ,1
Zac Newsome loves me,1
AEP,1
"Brecksville, OH",1
Croydon,1
Kuala Lumpur,1
Los Angeles for now,1
high way 99,1
SOUTHERN CALIFORNIA DESERT,1
"Jonesboro, Arkansas USA",1
"West Hollywood, CA",1
Providence RI / Lisnaskea ,1
Santo Domingo Alma Rosa ,1
Numenor,1
"Bloomington, Indiana",1
"Fort Smith, AR",1
music.,1
"Whippany, NJ",1
JKT48-Muse-A7X,1
"England & Wales Border, UK",1
"Bishops Stortford, England",1
Htx,1
eARth 3,1
"Charlotte, N.C.",1
SouthEast Asia,1
"Aveiro, Portugal",1
Washington state,1
honeymoon avenue,1
In Your Notifications ,1
Konoha Village,1
Frostburg,1
"Gotham City,USA",1
{Detailed},1
Still. ??S.A.N.D.O.S??,1
"Magnolia, Fiore ",1
tokyo,1
"Columbia, SC",1
"???????, Texas",1
"Northern Kentucky, USA",1
Freddy Fazbears pizzeria,1
SD |Norway| KSA,1
U.S.A and Canada,1
Someday I'll live in England. ,1
facebook.com/tradcatknights,1
ECSU16,1
ca(NADA) ,1
Mentor OH,1
Campo Grande-MS,1
EveryWhere,1
Ashxjonespr@gmail.com,1
Tips on my blog at,1
"Franklin, TN near Nashville",1
"Vista, CA",1
NAIROBI  KENYA ,1
Carregado,1
"Houston, Texas",1
st.louis county missouri ,1
District of Gentrification/ DC,1
"Charleston, IL",1
mainly California,1
"Nairobi, Kenya ",1
Unites States,1
ljp/4,1
"Portsmouth, VA",1
 Alex/Mika/Leo|18|he/she/they,1
"Eureka, California, USA",1
"Pueblo, CO",1
Studio,1
"Pontevedra, Galicia",1
"Newark, NJ",1
US-PR,1
Your Conversation,1
Minneapolis - St. Paul,1
"Not where I want to be, yet",1
West Midlands,1
"11th dimension, los angeles",1
@notoriousD12,1
"MÌ©rida, YucatÌÁn",1
NEPA/570,1
Back East in PA,1
they/them,1
Chennai,1
tx,1
right next to you,1
"Marysville, MI",1
The Multiverse,1
Stamford & Cork (& Shropshire),1
